{"cameraMode":{"drawMode":0,"name":"Shaded","section":"Shading Mode"},"sceneLighting":false,"audioPlay":false,"sceneViewState":{"showFog":true,"showMaterialUpdate":true,"showSkybox":true,"showFlares":true,"showImageEffects":true,"showParticleSystems":true},"in2DMode":false,"pivot":{"x":0.0006733089685440064,"y":0.18088428676128388,"z":0.18871968984603883},"rotation":{"x":-0.03518860787153244,"y":0.9595232605934143,"z":-0.13943776488304139,"w":-0.24214570224285127},"size":2.598924160003662,"orthographic":false}