{"cameraMode":{"drawMode":0,"name":"Shaded","section":"Shading Mode"},"sceneLighting":false,"audioPlay":false,"sceneViewState":{"showFog":true,"showMaterialUpdate":true,"showSkybox":true,"showFlares":true,"showImageEffects":true,"showParticleSystems":true},"in2DMode":false,"pivot":{"x":-0.014816850423812867,"y":0.20326638221740724,"z":0.006728768348693848},"rotation":{"x":0.8563770651817322,"y":-0.007742573041468859,"z":0.012846621684730053,"w":0.5161334276199341},"size":9.785844802856446,"orthographic":true}